id,first_name,last_name,gender,ZOMBIE,States
1,Casie,Balmer,F,true,TX
2,Graeme,Wynter,M,false,TX
3,Tremaine,Bedlington,M,false,NY
4,Rebecka,Sherreard,F,true,TX
5,Dorise,Abatelli,F,true,TX
6,Gran,Gibben,M,true,TX
7,Lyon,Kidsley,M,false,TX
8,Gabriellia,Eilles,F,false,NY
9,Orazio,Hugli,M,false,NY
10,Ciel,Blackleech,F,false,TX
11,Flemming,Veltman,M,false,NY
12,Anne-corinne,Lofting,F,false,NY
13,Corrie,Whittlesea,M,false,NY
14,Isadora,Newall,F,true,TX
15,Daven,Dodshon,M,true,NY
16,Ardyth,Gannaway,F,true,MA
17,Minetta,Cantillon,F,false,NY
18,Claretta,Darridon,F,true,TX
19,Kort,Bowton,M,false,NY
20,Nonna,Abramsky,F,false,NY
21,Tiphanie,Holligan,F,true,TX
22,Isa,Goring,F,false,NY
23,Keir,Glennie,M,false,TX
24,Duke,Gunn,M,true,TX
25,Danette,Scoone,F,true,NJ
26,Jamesy,Stackbridge,M,false,TX
27,Analiese,Kinnen,F,false,TX
28,Jaquenette,Letts,F,false,TX
29,Levey,Priscott,M,false,TX
30,Warden,Hopkynson,M,true,TX
31,Foster,Poundsford,M,false,NY
32,Ellie,Caldera,F,true,MA
33,Colin,Pennicott,M,false,TX
34,Kirsten,Dykas,F,true,NY
35,Keriann,Tankin,F,false,TX
36,Serge,Muggeridge,M,false,TX
37,Jarad,Cardiff,M,false,TX
38,Phyllis,Heatley,F,false,NY
39,Norris,Bushaway,M,false,MA
40,Maitilde,Ingrem,F,true,NY
41,Natalie,Walling,F,true,NJ
42,Rivy,Ponten,F,false,TX
43,Reade,Benediktsson,M,true,NY
44,Roderich,Yateman,M,true,TX
45,Bryan,Croal,M,true,TX
46,Alexis,Darlasson,F,false,TX
47,Delila,Simkiss,F,true,NY
48,Chryste,Currey,F,true,TX
49,Eal,Dendle,M,false,NJ
50,Minette,Redd,F,true,TX
51,Franchot,Orpin,M,true,MA
52,Krishnah,Mordey,M,false,TX
53,Tamarah,O'Kielt,F,false,TX
54,Issiah,Ettridge,M,false,TX
55,Twila,Baggiani,F,true,NY
56,Gabe,Osban,M,true,TX
57,Ryun,Schorah,M,false,MA
58,Quentin,Caro,M,false,NY
59,Kelwin,Dearnaley,M,true,TX
60,Berri,Keyte,F,true,TX
61,Nita,Reimers,F,true,NY
62,Nealson,Kibbey,M,true,TX
63,Sven,Hedaux,M,true,NY
64,Lyle,Jopling,M,false,TX
65,Thedric,Throssell,M,false,TX
66,Frederick,Wheildon,M,true,TX
67,Dynah,Crease,F,false,TX
68,Sayre,Sarjent,M,false,TX
69,Jerrylee,Habergham,F,true,NY
70,Katine,Dimbleby,F,false,TX
71,Essy,Scala,F,true,TX
72,Larissa,Connealy,F,true,TX
73,Corney,Vlasenkov,M,false,TX
74,Orazio,Jeafferson,M,true,NY
75,Cora,MacLleese,F,true,TX
76,Inigo,Merrick,M,true,NY
77,Claus,Woodroof,M,true,NY
78,Jada,Shawl,F,false,TX
79,Wyatt,Grouse,M,false,NY
80,Merilyn,Bartell,F,true,MA
81,Marcela,Broadway,F,false,TX
82,Paige,Scothern,M,true,TX
83,Sterling,Tann,M,false,NJ
84,Laurena,Chisnell,F,false,TX
85,Keith,Godball,M,false,NJ
86,Meara,Simonds,F,false,TX
87,Arin,Pietrasik,M,true,MA
88,Rodrick,Bellinger,M,true,NY
89,Camella,Obey,F,false,TX
90,Hynda,Orans,F,true,TX
91,Amalee,Colborn,F,true,TX
92,Farlee,Mahomet,M,false,TX
93,Alfie,Longstaffe,F,true,NY
94,Cesaro,Pigott,M,false,MA
95,Radcliffe,Flement,M,true,TX
96,Ruth,Bonehill,F,true,TX
97,Kala,Peachman,F,true,MA
98,Doll,Mayhow,F,false,TX
99,Allis,De Blasi,F,true,TX
100,Eugenia,Stubbin,F,false,TX
101,Eldin,Petford,M,false,TX
102,Nilson,Markwelley,M,false,NY
103,Trista,Penhaligon,F,true,TX
104,Ki,Maybury,F,false,TX
105,Raimondo,Mattisssen,M,true,NY
106,Fairfax,Eary,M,false,NY
107,Stoddard,Colly,F,true,TX
108,Saul,Maytum,M,true,TX
109,Levon,Daybell,M,true,NY
110,Rhys,Oughtright,M,false,TX
111,Gregg,Graveney,M,false,TX
112,Norma,Nolder,F,false,TX
113,Boony,Robken,M,true,TX
114,Karna,O'Sheeryne,F,true,TX
115,Merv,Skitteral,M,false,TX
116,Norbie,Dedrick,M,true,TX
117,Isahella,Danielou,F,false,MA
118,Harwilll,Ostler,M,false,NY
119,Alden,Gasnell,M,true,NY
120,Emmey,O'Nion,F,false,NY
121,Killie,Casebourne,M,false,NY
122,Noble,Estoile,M,true,NY
123,Birgit,Simeoni,F,false,TX
124,Petunia,Hartland,F,true,TX
125,Tessy,Bernhardsson,F,true,TX
126,Redford,Furlong,M,true,NY
127,Yvor,Tamlett,M,false,TX
128,Mallory,Playford,M,false,TX
129,Ky,Pendre,M,false,TX
130,Phip,Collip,M,false,NY
131,Alana,Pennock,F,true,MA
132,Kippie,Immings,F,true,NY
133,Denys,McClure,F,false,TX
134,Phaedra,Althrope,F,false,TX
135,Laurens,Bonifant,M,false,TX
136,Florian,D'Onisi,M,true,MA
137,Timmy,Jaffray,M,false,NY
138,Hillel,Causer,M,true,TX
139,Alecia,Margrie,F,true,TX
140,Rogers,Wadforth,M,false,NY
141,Gabi,Loble,F,true,NY
142,Chase,Ridde,M,false,NY
143,Winthrop,Simonutti,M,true,TX
144,Cher,Albert,F,false,TX
145,Leta,Cowgill,F,true,TX
146,Briggs,Speek,M,false,NY
147,Katina,Kennerknecht,F,true,TX
148,Barth,Scurrah,M,false,NY
149,Nanete,Vamplers,F,false,NY
150,Mischa,Bonnavant,M,false,NJ
151,Delmar,Gillbey,M,true,TX
152,Yoko,Godlonton,F,true,TX
153,Gian,Meaden,M,false,TX
154,Fifi,Featonby,F,false,MA
155,Eadie,Matiasek,F,true,NY
156,Kerby,Pendlington,M,false,TX
157,Barb,Whellams,F,false,NJ
158,Arthur,Giuron,M,true,TX
159,Charlena,Devonport,F,false,NY
160,Farris,Sheahan,M,true,NY
161,Cornie,Winterflood,M,true,TX
162,Ellissa,Blything,F,false,MA
163,Nickolai,Gladtbach,M,true,TX
164,Catherina,Elderton,F,false,NY
165,Jamie,Behn,M,false,NY
166,Alphonse,Van Haeften,M,true,TX
167,Evvie,Eke,F,false,TX
168,Winfield,Bartosinski,M,true,TX
169,Marcelia,Breyt,F,true,TX
170,Ortensia,Beeby,F,true,TX
171,Derron,Paice,M,true,MA
172,Chiarra,Scrigmour,F,false,TX
173,Sandie,Halpine,F,true,NY
174,Alric,Vicarey,M,false,TX
175,Rowan,Crayke,M,false,TX
176,Dee dee,Henrie,F,false,TX
177,Druci,Hewins,F,true,TX
178,Avery,Androlli,M,true,TX
179,Axe,Ernke,M,false,TX
180,Derwin,Straw,M,true,NY
181,Chas,Dives,M,true,TX
182,Tarrance,Deeman,M,false,TX
183,Bili,Loosely,F,false,TX
184,Irving,Barnfather,M,false,TX
185,Patrica,Simioli,F,true,TX
186,Solomon,Neller,M,false,TX
187,Arni,Moxley,M,false,TX
188,Abramo,Huet,M,false,TX
189,Elnore,McCaghan,F,false,NJ
190,Missy,Wisham,F,true,TX
191,Edie,Kruschev,F,false,TX
192,Pammy,O'Regan,F,false,NJ
193,Koral,Alster,F,false,NY
194,Paulie,Brunning,F,true,TX
195,Nadeen,Ludovici,F,false,TX
196,Sutherlan,Bothen,M,false,NY
197,Angelia,Heditch,F,true,TX
198,Adele,MacCaffrey,F,true,TX
199,Myron,Dubois,M,true,TX
200,Emmeline,Kirkman,F,true,NY
201,Lark,Lacer,F,true,NY
202,Clarance,Lambal,M,true,TX
203,Malvin,Sheards,M,false,MA
204,Ara,Hurran,M,true,NY
205,Joshuah,Firman,M,true,TX
206,Trefor,MacDiarmid,M,true,TX
207,Arty,Andrejs,M,true,NY
208,Terese,Surgey,F,true,TX
209,Sigfrid,Walton,M,true,NY
210,Alysa,Huddles,F,false,MA
211,Skye,Idenden,M,true,TX
212,Aveline,Nicholes,F,true,NY
213,Merv,Shirt,M,true,NY
214,Ricki,Dumberell,F,false,TX
215,Cleopatra,Chiene,F,false,MA
216,Feodora,Hubbuck,F,false,TX
217,Katalin,Sharpous,F,false,TX
218,Claiborn,Tattersill,M,true,NY
219,Pancho,Daid,M,true,TX
220,Daisie,Mulgrew,F,true,NY
221,Kale,Hansill,M,true,NY
222,Cristabel,Boutwell,F,false,TX
223,Mannie,Cosgry,M,true,TX
224,Jeane,Gornar,F,true,TX
225,Chrystal,Paulot,F,true,TX
226,Auria,Tremmil,F,false,TX
227,Cally,Woolfall,F,true,TX
228,Yancy,Adamowitz,M,true,NY
229,Aldo,Kirkwood,M,true,TX
230,Darill,Cejka,M,true,TX
231,Shelton,Romero,M,false,TX
232,Nadia,Flanaghan,F,true,TX
233,Trent,Clash,M,false,NY
234,Ethelind,Denyukin,F,false,NY
235,Simone,Shilito,F,true,TX
236,Donn,Bloom,M,true,MA
237,Cob,Havock,M,true,TX
238,Sioux,Baccas,F,true,NY
239,Tadeo,Biskupski,M,true,TX
240,Andromache,Shear,F,true,NY
241,Krista,Holworth,F,false,TX
242,Lindi,Maisey,F,false,TX
243,Valerye,Kesterton,F,false,TX
244,Duke,Baldung,M,false,NY
245,Elmer,Greger,M,true,TX
246,Rickie,Ritchie,F,true,TX
247,Carita,Elloy,F,true,NY
248,Lorene,Giddons,F,true,TX
249,Irene,Grossier,F,false,NY
250,Layne,Weiner,F,true,NY
251,Blinny,Nelsen,F,false,NY
252,Munmro,Barttrum,M,false,TX
253,Victoria,Laudham,F,true,NY
254,Sherm,Sayce,M,true,MA
255,Josefa,O' Hogan,F,false,TX
256,Jedidiah,Goly,M,true,TX
257,Earvin,Cheevers,M,true,NY
258,Rosaleen,O'Sullivan,F,true,TX
259,Herb,Bexon,M,true,TX
260,Garret,Freemantle,M,true,NY
261,Estella,Watkinson,F,false,NY
262,Gilly,Leroux,F,true,NY
263,Bernard,Jolliffe,M,true,TX
264,Iosep,Shuttle,M,false,NY
265,Dedra,Whooley,F,false,NJ
266,Waldemar,Vigus,M,false,MA
267,Warde,Hernik,M,false,TX
268,Kai,Pilmoor,F,true,TX
269,Jareb,Caen,M,false,NY
270,Hedwig,Critchlow,F,true,TX
271,Marielle,Sayce,F,true,TX
272,Kamilah,Pharo,F,true,TX
273,Cordie,Rampley,M,true,TX
274,Raye,Ladyman,F,true,TX
275,Saul,Sebrook,M,true,TX
276,Lydon,Chatelain,M,true,NY
277,Lilllie,Phelit,F,true,NY
278,Dewey,Klink,M,true,TX
279,Miriam,Hambly,F,true,TX
280,Laurette,Tumelty,F,false,TX
281,Jeffrey,Curds,M,false,NY
282,Rab,Kofax,M,true,NY
283,Pepillo,Thornebarrow,M,true,TX
284,Corny,Schafer,M,false,NY
285,Doroteya,Legh,F,false,TX
286,Konstantin,Rusling,M,true,TX
287,Sharlene,Philippon,F,true,TX
288,Prinz,Ronan,M,true,TX
289,Christiana,Aylesbury,F,true,TX
290,Gabey,Mandrake,F,true,TX
291,Rich,Spellecy,M,false,NY
292,Tiphanie,Monro,F,true,TX
293,Hilliary,Londsdale,F,false,TX
294,Cordelie,Dickerline,F,true,TX
295,Yvon,Karolyi,M,false,NY
296,Katya,Kempton,F,true,NY
297,Giuditta,Joiris,F,false,NY
298,Rance,Abberley,M,false,TX
299,Zorana,Cannan,F,false,NY
300,Bellanca,Golborne,F,true,NY
301,Peadar,Witherby,M,true,TX
302,Herbert,Arbon,M,true,TX
303,Letty,Turn,F,false,TX
304,Anthony,Melloy,M,true,TX
305,Ardelia,Laughlin,F,false,MA
306,Reg,De la Barre,M,true,TX
307,Kingston,Bolderstone,M,true,TX
308,Brooks,Bleibaum,F,false,NY
309,Ario,Bonifazio,M,false,TX
310,Patten,Lisciardelli,M,false,TX
311,Raff,Cosley,M,true,TX
312,Spencer,Narducci,M,false,NY
313,Bernete,Munslow,F,true,TX
314,Albina,Lanon,F,true,MA
315,Yorker,Jarvis,M,false,TX
316,Corena,Osborn,F,true,TX
317,Cy,Killough,M,true,TX
318,Kevan,Izhaky,M,true,TX
319,Caroljean,Grigoletti,F,false,TX
320,Saxon,Vel,M,true,NY
321,Clem,Dalziel,F,false,NY
322,Madge,Asipenko,F,false,TX
323,Lambert,Bakhrushkin,M,false,TX
324,Wake,Mourant,M,true,TX
325,Bride,Merdew,F,true,TX
326,Amberly,Condy,F,true,TX
327,Fee,Hasloch,M,true,TX
328,Linette,Sans,F,false,MA
329,Rafaelia,Beau,F,false,TX
330,Avril,Ludvigsen,F,true,TX
331,Corey,Dmitrichenko,M,false,TX
332,Kandace,Stoakley,F,false,TX
333,Gilda,Cordery,F,false,NY
334,Nil,Hacquel,M,true,NY
335,Gabriella,Dooly,F,true,NY
336,Afton,Leagas,F,false,TX
337,Lauretta,Scally,F,false,TX
338,Alasdair,Corrison,M,false,TX
339,Mickey,Aulsford,M,false,TX
340,Donnie,Sedgman,M,false,NY
341,Mike,Dogg,M,false,NY
342,Duncan,Pomfrey,M,true,NJ
343,Nicolis,Gowers,M,true,TX
344,Dorisa,Giovanni,F,true,TX
345,Wash,Younie,M,false,TX
346,Jakob,Schubart,M,false,TX
347,Alecia,Burrells,F,false,NY
348,Liz,Ruxton,F,false,TX
349,Bobby,Yegorovnin,M,false,TX
350,Palm,Fessions,M,false,TX
351,Mariam,Mallinder,F,true,TX
352,Rodolph,Litel,M,true,NY
353,Berty,Treble,M,true,TX
354,Consalve,Gritskov,M,true,NY
355,Flory,Antoniou,F,true,TX
356,Pieter,Berrigan,M,true,TX
357,Ive,Bernon,M,false,TX
358,Darryl,Jobson,M,true,TX
359,Kalina,De Angelis,F,false,NJ
360,Jeffry,Deyes,M,true,TX
361,Rana,Seggie,F,true,NY
362,Juditha,O' Quirk,F,false,TX
363,Sidoney,Coveney,F,true,NY
364,Karalee,Stawell,F,false,TX
365,Chris,Comiskey,F,false,TX
366,Randa,Enston,F,false,TX
367,Cobbie,McPartling,M,true,NJ
368,Gwenneth,Weekland,F,false,TX
369,Sallyanne,Sailes,F,true,TX
370,Coraline,Simmell,F,false,TX
371,Klaus,Evitts,M,false,TX
372,Amalea,Patemore,F,false,TX
373,Demetris,Fairbrace,M,false,TX
374,Esme,Connett,M,true,NY
375,Heall,Arnell,M,true,NY
376,Matti,Hirsch,F,false,NY
377,Jacquenetta,Charsley,F,false,TX
378,Dean,Egdal,M,true,TX
379,Cobby,Bottrill,M,true,TX
380,Cesar,Baribal,M,true,TX
381,Delila,Bettanay,F,false,NY
382,Brendan,Glasser,M,false,NY
383,Niels,Ramme,M,true,TX
384,Jonell,Fear,F,false,NY
385,Sid,Everwin,M,true,NJ
386,Idelle,Gambrell,F,true,TX
387,Ginger,Riddoch,F,true,TX
388,Letti,Barthod,F,false,TX
389,Warren,Peckham,M,false,NY
390,Flory,Torricella,M,true,NY
391,Clevey,Confort,M,false,TX
392,Benny,Scotter,F,true,NY
393,Alley,Feathersby,M,false,TX
394,Melania,Fearns,F,false,TX
395,Arnold,Downer,M,false,NY
396,Letisha,Wroth,F,false,TX
397,Gar,Ahrens,M,false,TX
398,Dennison,Gwinnett,M,false,NY
399,Aleece,Ferris,F,true,NY
400,Loree,Phython,F,true,TX
401,Jojo,Sylett,F,false,TX
402,Hayyim,Shaddock,M,true,TX
403,Radcliffe,Race,M,true,NY
404,Caryl,Garrish,M,false,MA
405,Worthington,Welsby,M,true,TX
406,Lockwood,Di Carli,M,true,TX
407,Brantley,Schade,M,true,TX
408,Brinna,Rhys,F,true,TX
409,Nora,Gockelen,F,false,MA
410,Nerta,Leverson,F,false,TX
411,Felecia,Cunnow,F,true,TX
412,Bran,Elgey,M,true,TX
413,Miof mela,Depke,F,true,TX
414,Billye,Shelly,F,false,TX
415,Etheline,Accombe,F,false,TX
416,Shamus,Totterdill,M,false,NY
417,Trenna,Edgeler,F,false,TX
418,Whitman,Wilden,M,true,TX
419,Herve,Tofano,M,true,TX
420,Silvan,Senechault,M,false,TX
421,Cristabel,Gobell,F,false,TX
422,Elli,Wakes,F,false,TX
423,Marshall,Rollo,M,true,NJ
424,Bianca,Duffin,F,false,NY
425,Reider,Houliston,M,false,TX
426,Tresa,Josselson,F,false,TX
427,Jarred,Pley,M,true,NY
428,Lurette,Commuzzo,F,false,TX
429,Rabi,Butland,M,false,TX
430,Felipe,Hospital,M,true,TX
431,Martynne,Geeson,F,false,NY
432,Madel,Bastard,F,true,TX
433,Hatti,Kleeborn,F,false,NY
434,Jacquenette,Gayton,F,false,MA
435,Cher,Kiljan,F,false,TX
436,Gertrude,Burlingham,F,false,MA
437,Janis,Haverson,F,false,NY
438,Randa,Oertzen,F,true,NY
439,Cross,Pallister,M,true,TX
440,Amy,Gresswell,F,true,MA
441,Lucienne,Pitt,F,false,TX
442,Debera,Ledbetter,F,false,TX
443,Ellis,Keppy,M,true,TX
444,Rachael,Hinze,F,true,TX
445,Phelia,Mynott,F,false,TX
446,Alane,Jezzard,F,false,TX
447,Skippy,Fricker,M,false,NY
448,Roley,Tuffell,M,true,NY
449,Bunny,Crate,F,false,NY
450,Rheta,Maitland,F,false,TX
451,Melodee,Jakuszewski,F,false,NY
452,Avril,Beall,F,true,NJ
453,Witty,Kenen,M,true,TX
454,Peirce,Gaitskill,M,false,TX
455,Carlynne,Schimoni,F,false,NY
456,Patsy,D'eye,M,true,NJ
457,Lainey,Tombleson,F,true,TX
458,Nancie,Annets,F,false,NY
459,Mariejeanne,Gibbeson,F,false,NY
460,Aubrette,Aymerich,F,true,NY
461,Ahmed,Gallihaulk,M,false,TX
462,Deana,Bole,F,true,TX
463,Louie,Joubert,M,true,TX
464,Mendel,Buret,M,true,NY
465,Evelyn,Flea,M,false,NY
466,Farlay,Stanbury,M,false,TX
467,Novelia,Dellar,F,false,TX
468,Kamillah,Robic,F,false,TX
469,Ado,Haysom,M,false,MA
470,Yance,McCaughran,M,true,NY
471,Bren,Shapland,M,true,MA
472,Chauncey,Hurry,M,true,TX
473,Dominic,McNab,M,true,TX
474,Irina,Freke,F,false,TX
475,Yetty,Causon,F,true,NY
476,Kelcey,Whartonby,F,true,TX
477,Torrey,Goodall,M,true,TX
478,Carma,Coast,F,true,TX
479,Davie,Tessier,M,false,TX
480,Windham,Mc Queen,M,false,NY
481,Aaron,Matelaitis,M,false,TX
482,Bernie,Duddell,M,false,TX
483,Adena,Cluney,F,true,NY
484,Faina,Rankling,F,false,TX
485,Eirena,Woolforde,F,true,TX
486,Dewitt,Tytler,M,true,NJ
487,Yolande,Spitaro,F,true,TX
488,Fergus,Fardon,M,true,TX
489,Melodee,Desesquelle,F,false,NY
490,Iris,Blunn,F,true,TX
491,Demetra,Plaschke,F,true,TX
492,Berkeley,Slayton,M,false,NY
493,Janaya,McGlaud,F,false,NY
494,Gwendolyn,Marqyes,F,true,TX
495,Ruby,Adamowitz,F,true,TX
496,Vilma,Kloster,F,false,TX
497,Eydie,Ysson,F,false,NY
498,Ray,Durn,F,true,NY
499,Gerrie,Signoret,M,true,TX
500,Win,Tommaseo,M,true,TX
501,Rhea,Speedy,F,true,TX
502,Charmian,McCumesky,F,true,NY
503,Sammy,Plaide,M,false,NY
504,Hilliard,Jayume,M,false,TX
505,Jessy,Ambler,F,false,TX
506,Dora,MacManus,F,true,MA
507,Nadeen,Bowhey,F,false,TX
508,Billie,Trime,M,true,NY
509,Dyan,Gammade,F,true,TX
510,Cassi,Scully,F,true,TX
511,Goldy,Ferrettino,F,false,TX
512,Maje,Ubsdall,M,true,TX
513,Eadith,Ibbitt,F,false,TX
514,Corliss,Jeste,F,false,TX
515,Coral,Roumier,F,true,TX
516,Leone,Stag,F,true,TX
517,Arleta,McKinney,F,false,MA
518,Oswald,Marchant,M,false,NY
519,Raymond,Peevor,M,false,NY
520,Jaclin,Van der Kruis,F,false,TX
521,Griffith,Oriel,M,false,TX
522,Valentia,Dincke,F,false,TX
523,Murray,Barrass,M,false,TX
524,Addie,Iannello,M,false,NJ
525,Fallon,Housecroft,F,true,TX
526,Chickie,McKeating,F,false,TX
527,Zita,Arons,F,false,NY
528,Jilli,Baty,F,false,TX
529,Brendan,Lockney,M,false,TX
530,Flss,Ivashkin,F,true,NJ
531,Lyndsay,Gullick,F,true,NY
532,Casie,Costan,F,false,MA
533,Colet,Goaks,M,false,NJ
534,Griff,Lilburn,M,true,TX
535,Hedwiga,Haughan,F,true,TX
536,Forrest,Donizeau,M,true,NY
537,Veronike,Punchard,F,false,TX
538,Dunn,Maddyson,M,true,TX
539,Sharline,Kurtis,F,false,TX
540,Margaux,Thomassen,F,true,TX
541,Darcy,Sharnock,M,true,TX
542,Celka,Rowlands,F,false,NY
543,Felix,Crepel,M,true,NY
544,Joete,Vedenyakin,F,false,MA
545,Myrtle,Hasser,F,false,MA
546,Deborah,Trass,F,false,TX
547,Kenn,Busswell,M,true,NY
548,Cad,McKomb,M,true,MA
549,Mohammed,Spadotto,M,false,TX
550,Jasen,Akid,M,false,NY
551,Minta,Rankcom,F,false,TX
552,Desdemona,Dibble,F,false,NJ
553,Helen,Laflin,F,true,TX
554,Almire,Borsi,F,true,TX
555,Bourke,Lamming,M,true,MA
556,Ilsa,Birbeck,F,true,TX
557,Codi,Coen,M,true,NY
558,Sim,Antoinet,M,false,TX
559,Gradeigh,Bouttell,M,true,NY
560,Ciro,Rawlence,M,true,TX
561,Baily,Hudel,M,false,NY
562,Nathan,Cannam,M,false,TX
563,Jedediah,Le Prevost,M,true,TX
564,Dorthy,Ramsell,F,false,TX
565,Beck,Antecki,M,true,TX
566,Nataline,Giacovelli,F,true,TX
567,Gert,Whilde,F,true,TX
568,Redd,Savory,M,true,TX
569,Shaw,Montier,M,true,TX
570,Leupold,Lusted,M,false,NY
571,Mordy,Deeny,M,false,TX
572,Rhetta,Sottell,F,true,MA
573,Perceval,Sibley,M,true,NY
574,Dallis,Arrow,M,true,TX
575,Shirlene,Danielczyk,F,true,TX
576,Maegan,Veevers,F,true,NY
577,Kenyon,Wyss,M,false,TX
578,Janna,Burnie,F,false,TX
579,Clare,McVicar,F,true,NY
580,Ardeen,Grunnell,F,false,TX
581,Louella,Overpool,F,true,TX
582,Tiffie,Beccera,F,false,NY
583,Keith,Felgate,M,false,MA
584,Orin,Pitceathly,M,false,TX
585,Viki,Tett,F,true,NY
586,Romona,Delaprelle,F,true,NJ
587,Robyn,Dudenie,F,true,MA
588,Lina,Heighway,F,true,TX
589,Teddy,Dyet,M,false,MA
590,Sharona,Basant,F,true,NY
591,Burnaby,Ahern,M,true,NY
592,Wilden,Jeanon,M,true,TX
593,Karyn,Benedit,F,true,NY
594,Rubetta,Haythornthwaite,F,true,NY
595,Samson,Angelini,M,false,TX
596,Ches,Gronav,M,false,TX
597,Cheston,Ivanitsa,M,true,TX
598,Joshua,Tranfield,M,true,MA
599,Serge,McArley,M,false,TX
600,Tessie,Van Castele,F,false,TX
601,Wallis,Adamo,M,true,NY
602,Edwin,Joderli,M,true,TX
603,Breanne,McMenemy,F,true,TX
604,Joli,Selkirk,F,false,TX
605,Jillayne,Champken,F,true,TX
606,Jard,Judge,M,false,NJ
607,Hamilton,Corsar,M,true,TX
608,Solly,Whichelow,M,false,TX
609,Gene,Balmforth,F,true,TX
610,Marlena,Found,F,true,NY
611,Chrysa,Chatel,F,true,TX
612,Ahmad,Sucre,M,true,NY
613,Valle,Stenet,M,false,MA
614,Ray,Lenthall,F,false,NY
615,Andriette,Byron,F,true,TX
616,Jody,Addlestone,M,false,NJ
617,Leone,Giannoni,F,false,MA
618,Arabela,Yourell,F,false,TX
619,Ferdie,Pursey,M,false,TX
620,Kaspar,Ing,M,false,TX
621,Fernando,Cunradi,M,false,TX
622,Minnie,Cronkshaw,F,true,NY
623,Lotty,Antoszewski,F,false,NY
624,Delmar,St. Aubyn,M,true,TX
625,Jenni,Puig,F,true,TX
626,Valma,Prier,F,false,TX
627,Stuart,Bleasby,M,false,TX
628,Tammy,Smallridge,M,true,TX
629,Calv,Hearthfield,M,false,TX
630,Kilian,Lidgerton,M,false,TX
631,Norris,Trowill,M,true,TX
632,Anders,Erbe,M,false,NY
633,Amalie,Courtliff,F,false,TX
634,Cornelius,Van den Hof,M,true,TX
635,Aila,Citrine,F,true,TX
636,Annecorinne,Attenbrough,F,true,NY
637,Avivah,Pleavin,F,true,NJ
638,Brita,Videneev,F,true,TX
639,Renault,Brambill,M,true,TX
640,Marv,Noen,M,false,NY
641,Theodor,Treagus,M,true,TX
642,Tandie,Pellew,F,true,TX
643,Edie,Goodwyn,F,true,NY
644,Storm,Ravens,F,true,TX
645,Alfy,Alred,M,true,NY
646,My,Catherall,M,false,TX
647,Marys,Wookey,F,false,TX
648,Maggie,Blaxland,F,true,TX
649,Hilario,Naisby,M,true,TX
650,Marcela,Mahaddie,F,false,TX
651,Monte,Le Hucquet,M,false,NY
652,Donnell,Bickerdike,M,true,TX
653,Timoteo,Kettlestringes,M,true,NY
654,Matthiew,Agent,M,true,TX
655,Dominic,Wotton,M,false,TX
656,Junina,Merrigans,F,true,TX
657,Chelsey,Jendrusch,F,false,TX
658,Wallace,Abrahamsson,M,true,TX
659,Arlan,Ovett,M,false,TX
660,Laurene,Dozdill,F,false,TX
661,Berkeley,Headford,M,false,MA
662,Rafaelia,Penritt,F,true,NJ
663,Osgood,Jess,M,false,TX
664,Velma,Burvill,F,true,NJ
665,Vasilis,Welds,M,false,NJ
666,Gifford,Barrass,M,true,TX
667,Natale,Penke,M,true,NY
668,Rosalinde,Malone,F,true,NY
669,Dorry,MacRonald,F,true,MA
670,Agosto,Croney,M,false,NY
671,Kittie,Rubbens,F,true,TX
672,Bette-ann,Escudier,F,true,NJ
673,Devonna,Aspole,F,true,TX
674,Humphrey,Gideon,M,false,NJ
675,Ed,Churchouse,M,true,TX
676,Nealon,McAne,M,false,TX
677,Billy,Lamdin,F,false,TX
678,Martino,Coleridge,M,true,MA
679,Mario,Wolpert,M,true,NJ
680,Walker,Seamark,M,true,TX
681,Jeralee,Deware,F,false,NY
682,Syman,Knudsen,M,false,NY
683,Myrilla,Karadzas,F,false,TX
684,Garrot,Golbourn,M,false,NY
685,Burke,Dumingo,M,false,MA
686,Lise,O'Halligan,F,false,NY
687,Roseann,Shimwall,F,true,NY
688,George,Manjin,F,false,NY
689,Penelopa,Chrisp,F,true,TX
690,Eleanor,Moran,F,false,NY
691,Lynette,Backs,F,true,TX
692,Rochella,Schwaiger,F,false,NY
693,Warde,Crowe,M,false,NY
694,Giulio,Lofting,M,false,TX
695,Duane,Duchatel,M,true,MA
696,Arman,Faires,M,false,TX
697,Matthieu,Tolchard,M,true,TX
698,Simon,Pods,M,false,NY
699,Felecia,Rishworth,F,false,NY
700,Leila,Castanyer,F,false,TX
701,Sydney,Danniell,F,true,NY
702,Adora,Josephov,F,true,TX
703,Hartwell,Yurkin,M,false,NY
704,Manfred,Bottby,M,true,MA
705,Alasteir,Caesman,M,false,TX
706,Carlye,Danieli,F,false,TX
707,Kalie,Thirlaway,F,false,MA
708,Andres,Lapthorne,M,false,TX
709,Budd,Benner,M,true,NY
710,Candis,Nelthorpe,F,true,TX
711,Phillie,Codman,F,false,NY
712,Robbert,Sheer,M,true,NY
713,Matthiew,Haggish,M,true,TX
714,Devondra,Kernoghan,F,true,TX
715,Odille,Ockleshaw,F,true,NY
716,Myrvyn,Noden,M,false,NY
717,Alair,Algar,M,true,TX
718,Lowrance,Bloan,M,true,TX
719,Arnold,Commusso,M,true,NY
720,Gustie,Wayland,F,true,TX
721,Dukey,Birtonshaw,M,false,NJ
722,Cos,Moulson,M,true,NY
723,Tommi,De Metz,F,true,NY
724,Flossy,Pock,F,false,TX
725,Serena,Melton,F,false,NY
726,Karole,Jirka,F,false,TX
727,Darnell,Defraine,M,true,TX
728,Ange,Davana,M,false,NJ
729,Ab,Donnan,M,false,TX
730,Tessy,Carl,F,true,NY
731,Rafaela,Devin,F,false,TX
732,Marieann,Crum,F,true,TX
733,Sigfrid,Souness,M,true,NY
734,Dulcine,Conen,F,false,TX
735,Shane,Craigmile,F,true,TX
736,Cirillo,Brussell,M,true,NY
737,Collie,Acuna,F,false,TX
738,Even,Weedall,M,false,NJ
739,Rebbecca,Charpin,F,true,NY
740,Sheffie,Brisse,M,true,NJ
741,Kriste,Fernao,F,false,TX
742,Karlen,Buswell,F,true,NY
743,Omero,Biggans,M,true,TX
744,Sigrid,Vaughan,F,false,TX
745,Nikolaus,Castaignet,M,true,TX
746,Luisa,Deinhard,F,true,NJ
747,Tildie,Flitcroft,F,true,TX
748,Tomas,Burdass,M,true,TX
749,Rolland,Lemary,M,false,TX
750,Aloysia,Towe,F,false,NY
751,Abel,Elsdon,M,false,TX
752,Yolanda,Boydon,F,true,NY
753,Shane,Lucas,M,false,TX
754,Neilla,Scothern,F,false,TX
755,Siward,Brodie,M,true,TX
756,Sigismondo,Looker,M,false,TX
757,Brook,Lenglet,M,true,TX
758,Clemmy,Oman,F,false,MA
759,Monroe,Kalewe,M,false,NY
760,Lynnet,Alexsandrovich,F,true,TX
761,Sibeal,Scaplehorn,F,true,TX
762,Kesley,Rosendale,F,true,TX
763,Klaus,Bodechon,M,true,TX
764,Sauveur,Lawerence,M,false,TX
765,Laird,Maffey,M,true,TX
766,Christyna,Playhill,F,false,NY
767,Adelina,Montacute,F,true,TX
768,Sile,Nehls,F,true,TX
769,Scotti,McCabe,M,false,TX
770,Kerby,Clohisey,M,false,TX
771,Rutledge,Epgrave,M,true,TX
772,Virgie,Mattiello,M,false,TX
773,Grenville,Griniov,M,false,TX
774,Wesley,Van Salzberger,M,true,TX
775,Thekla,Pyett,F,true,NY
776,Aubrette,Tilbrook,F,true,TX
777,Barr,Colbeck,M,false,NY
778,Bethany,Nouch,F,false,TX
779,Christie,Crudge,M,true,TX
780,Gisela,Sand,F,false,TX
781,Mikael,Dilleston,M,false,TX
782,Harley,Shay,M,true,NY
783,Barri,Machen,M,false,NJ
784,Ciel,Finder,F,true,TX
785,Patrick,Kynman,M,true,TX
786,Sibeal,Primak,F,true,TX
787,Sari,Coetzee,F,true,TX
788,Sanders,Pretswell,M,true,NJ
789,Hadley,Murgatroyd,M,false,TX
790,Wildon,Carney,M,true,NY
791,Calypso,Rape,F,true,TX
792,Mable,Beards,F,false,TX
793,Maia,Morales,F,false,TX
794,Brandise,Curran,F,false,TX
795,Coral,Robbert,F,true,TX
796,Fulton,Danshin,M,false,MA
797,Pet,Eringey,F,false,MA
798,Terri-jo,Westman,F,true,MA
799,Cooper,Parratt,M,false,NJ
800,Uriel,Birtchnell,M,false,MA
801,Rory,Ayliffe,M,false,NY
802,Cass,Cleland,M,true,TX
803,Guendolen,Geggie,F,false,TX
804,Stanley,Currao,M,true,TX
805,Kare,Dietmar,F,true,MA
806,Brit,Frye,M,true,NY
807,Sybyl,Gingedale,F,false,NY
808,Stefanie,Glasard,F,true,TX
809,Miguela,Kirkland,F,false,TX
810,Harmonie,Harbor,F,false,TX
811,Alic,Burlingame,M,false,TX
812,Marna,Treleaven,F,false,TX
813,Claudius,Viant,M,false,NY
814,Savina,Keavy,F,true,MA
815,Janos,Ohms,M,true,NY
816,Danya,Zellick,F,false,MA
817,Aldis,Fidock,M,false,TX
818,Tracey,Trime,M,true,TX
819,Willdon,Quincey,M,true,TX
820,Brana,Farnin,F,false,NY
821,Irwinn,Shemelt,M,true,TX
822,Latrina,Pawelek,F,false,NY
823,Leann,Bulleyn,F,true,TX
824,Dulce,Hogbin,F,true,TX
825,Cacilie,Rosborough,F,false,NY
826,Humfrid,Uvedale,M,false,TX
827,Lock,Lowin,M,false,TX
828,Hal,Girkins,M,false,NY
829,Gardner,Heakins,M,true,TX
830,Jobina,Hindge,F,true,NY
831,Jakob,Paquet,M,false,NY
832,Clayborne,Deaves,M,false,TX
833,Timofei,Fretwell,M,true,TX
834,Stormie,Patkin,F,true,TX
835,Arlyne,Walklott,F,true,NY
836,Howey,Housden,M,true,TX
837,Hank,Cargon,M,false,TX
838,Maxine,O'Bruen,F,true,MA
839,Bartolomeo,Christene,M,true,NY
840,Barrie,Hinchon,F,false,TX
841,Annabelle,MacMenamy,F,false,MA
842,Linnea,Austins,F,true,TX
843,Anastasia,Paddie,F,false,TX
844,Grace,McGraith,M,true,NY
845,Olwen,Piscopiello,F,true,TX
846,Joseph,Katzmann,M,false,NY
847,Guenevere,Baistow,F,false,TX
848,Robb,Blinckhorne,M,false,TX
849,Jere,Fulkes,F,false,NY
850,Zedekiah,Maund,M,false,NY
851,Ruthe,Purple,F,false,NY
852,Beryl,Gaspard,F,false,TX
853,Jackson,Giovannardi,M,true,TX
854,Bart,Scutching,M,false,TX
855,Otto,Cleaveland,M,true,TX
856,Margette,Sellek,F,false,TX
857,Rochelle,Huerta,F,true,NY
858,Arch,Raisher,M,false,TX
859,Cayla,Vokes,F,true,TX
860,Colver,Houlden,M,false,TX
861,Faye,Betteriss,F,true,TX
862,Fionna,Meegan,F,false,NY
863,Inna,Bompass,F,true,TX
864,Olympe,Davern,F,false,TX
865,Mandi,Dadswell,F,false,TX
866,Gypsy,Simao,F,true,TX
867,Findlay,Welfair,M,false,TX
868,Yettie,Soame,F,false,NY
869,Ephraim,Dirand,M,false,NJ
870,Thomasine,Heart,F,false,NY
871,Arri,Spadari,M,true,TX
872,Amalee,Lowell,F,true,TX
873,Any,Philipsohn,M,false,TX
874,Mireille,McElhargy,F,true,TX
875,Sarah,Shewry,F,true,TX
876,Sauncho,Wingfield,M,true,TX
877,Anselm,Ritelli,M,false,NY
878,Marillin,De la Zenne,F,true,TX
879,Leigha,Sextone,F,true,TX
880,Guthry,Keunemann,M,true,TX
881,Phil,Rennick,F,true,TX
882,Cody,Joder,M,true,NY
883,Vikky,Carlan,F,false,TX
884,Aldon,Sturman,M,true,TX
885,Trixi,Vedeshkin,F,true,NY
886,Merci,Slide,F,false,NY
887,Eldredge,Burrus,M,false,TX
888,Mellisent,Enrigo,F,true,NY
889,Auberta,McCombe,F,false,MA
890,Illa,Romayn,F,true,TX
891,Miltie,Mayberry,M,false,TX
892,Katlin,Le febre,F,true,TX
893,Belvia,Whinray,F,true,NY
894,Yasmin,Full,F,true,NY
895,Fidelia,Ell,F,true,TX
896,Donnamarie,Balmer,F,false,TX
897,Sebastiano,Kingzett,M,false,NY
898,Alonso,Curnnok,M,true,NY
899,Theo,Stivey,F,false,TX
900,Diandra,Trebbett,F,true,TX
901,Milly,Danby,F,true,NY
902,Cal,Wyatt,M,false,NY
903,Kakalina,Browning,F,false,TX
904,Lil,Ousley,F,false,TX
905,Lorine,Abrahamoff,F,true,NY
906,Liesa,Bramhall,F,false,NY
907,Emili,Tuftin,F,true,MA
908,Rosemary,Banker,F,false,TX
909,Tadio,Armell,M,false,TX
910,Cate,Ghiriardelli,F,true,NY
911,Lisbeth,Giacopello,F,true,TX
912,Norby,Mongeot,M,true,NJ
913,Patin,Petriello,M,false,MA
914,Cortie,Windrum,M,true,TX
915,Toddie,Le Gall,M,true,TX
916,Harley,Squirrel,M,true,TX
917,Haily,Tamburi,M,true,NY
918,Thorn,Dimbylow,M,false,NY
919,Shamus,Ovenell,M,true,MA
920,Rocky,Hooke,M,true,NY
921,Xenos,Hillaby,M,false,NY
922,Melba,Mawtus,F,true,NJ
923,Virginia,Austin,F,true,TX
924,Benoit,Glitherow,M,false,TX
925,Claudell,Hufton,M,true,TX
926,Dotti,Welbourn,F,true,TX
927,Anneliese,Preece,F,false,NY
928,Bertram,Howsan,M,true,NY
929,Lynett,Gero,F,false,NY
930,Bennett,Payfoot,M,false,NY
931,Eugenie,Chumley,F,false,TX
932,Christoforo,Nuccii,M,true,TX
933,Ginni,Patzelt,F,false,TX
934,Dorene,Mangeney,F,true,NY
935,Aubry,Blew,F,true,NY
936,Rocky,Mattei,M,false,TX
937,Nataniel,Annakin,M,false,TX
938,Ellary,Symper,M,true,TX
939,Robina,Clapton,F,false,TX
940,Yancey,Spurier,M,true,TX
941,Bronny,Bertie,M,false,NY
942,Carlotta,Pollitt,F,true,NY
943,Gunner,Burne,M,false,NY
944,Linus,Klazenga,M,true,TX
945,Marice,Hurton,F,true,TX
946,Agosto,Hobbing,M,false,NY
947,Annice,Raynes,F,true,TX
948,Barris,Novak,M,true,TX
949,Konstance,McDonogh,F,true,NY
950,Marty,Tiddeman,M,true,TX
951,Paul,Bettles,M,true,NJ
952,Sibel,Byrkmyr,F,true,NY
953,King,Schindler,M,true,TX
954,Gae,Rillett,F,false,TX
955,Dusty,Lamminam,F,false,TX
956,Benetta,Ruffli,F,false,TX
957,Skipp,Glassard,M,true,TX
958,Burton,Clawsley,M,false,TX
959,Talia,Wilkenson,F,true,MA
960,Roze,Telford,F,false,NJ
961,Ysabel,Heyburn,F,false,NY
962,Dionne,Duchant,F,true,NY
963,Orran,Whiff,M,false,TX
964,Sherilyn,Hounsom,F,false,TX
965,Balduin,Scotchmer,M,true,TX
966,Clarice,Rubert,F,false,TX
967,Bili,Gajewski,F,true,TX
968,Myrtie,Proschek,F,false,TX
969,Hedvige,Maling,F,false,TX
970,Frieda,O'Carney,F,false,NY
971,Andria,Addlestone,F,false,TX
972,Cordelie,Deeson,F,true,NJ
973,Sabra,Saltrese,F,true,MA
974,Nicolais,Wittleton,M,false,TX
975,Forester,Pinchon,M,true,TX
976,Lynett,Legan,F,false,TX
977,Moise,Neagle,M,true,TX
978,Brittan,Stickford,F,true,TX
979,Ogdon,Sanderson,M,false,MA
980,Rayner,McClelland,M,true,TX
981,Cletus,Pettyfar,M,true,TX
982,Brooks,Filchakov,M,false,TX
983,Hedvige,Grebner,F,true,TX
984,Sigfrid,Halpin,M,true,NY
985,Mischa,Lax,M,true,TX
986,Blancha,Pendry,F,false,NY
987,Marielle,Wollen,F,false,TX
988,Maddie,McCahill,F,true,TX
989,Lynette,Stanmore,F,false,TX
990,Rita,Bradie,F,false,TX
991,Petronille,Letterese,F,true,TX
992,Esdras,Lutas,M,true,TX
993,Archy,Kemp,M,true,MA
994,Dottie,Lacer,F,false,MA
995,Ryann,Jeannenet,F,false,TX
996,Onfroi,Knell,M,true,TX
997,Morty,Tinan,M,false,TX
998,Marc,Trimby,M,false,TX
999,Moritz,Hatrick,M,false,TX
1000,Samantha,Caudrey,F,false,TX
